{"cameraMode":{"drawMode":0,"name":"Shaded","section":"Shading Mode"},"sceneLighting":false,"audioPlay":false,"sceneViewState":{"m_AlwaysRefresh":false,"showFog":true,"showSkybox":false,"showFlares":true,"showImageEffects":true,"showParticleSystems":true,"showVisualEffectGraphs":true,"m_FxEnabled":true},"in2DMode":false,"pivot":{"x":-0.040701866149902347,"y":1.382338285446167,"z":-3.8156042098999025},"rotation":{"x":0.05804742872714996,"y":0.9125035405158997,"z":-0.1393119990825653,"w":0.3802153468132019},"size":4.203580379486084,"orthographic":false}